{
  "priority": {
    "report": {
      "High": {
        "precision": 0.9333333333333333,
        "recall": 0.9180327868852459,
        "f1-score": 0.9256198347107438,
        "support": 61.0
      },
      "Low": {
        "precision": 0.8888888888888888,
        "recall": 0.8888888888888888,
        "f1-score": 0.8888888888888888,
        "support": 45.0
      },
      "Medium": {
        "precision": 0.9027777777777778,
        "recall": 1.0,
        "f1-score": 0.948905109489051,
        "support": 65.0
      },
      "Urgent": {
        "precision": 1.0,
        "recall": 0.7931034482758621,
        "f1-score": 0.8846153846153846,
        "support": 29.0
      },
      "accuracy": 0.92,
      "macro avg": {
        "precision": 0.93125,
        "recall": 0.9000062810124992,
        "f1-score": 0.9120073044260171,
        "support": 200.0
      },
      "weighted avg": {
        "precision": 0.9230694444444444,
        "recall": 0.92,
        "f1-score": 0.9189774409399493,
        "support": 200.0
      }
    },
    "confusion_matrix": [
      [
        56,
        3,
        2,
        0
      ],
      [
        1,
        40,
        4,
        0
      ],
      [
        0,
        0,
        65,
        0
      ],
      [
        3,
        2,
        1,
        23
      ]
    ]
  },
  "department": {
    "report": {
      "Billing": {
        "precision": 1.0,
        "recall": 1.0,
        "f1-score": 1.0,
        "support": 58.0
      },
      "Sales": {
        "precision": 1.0,
        "recall": 1.0,
        "f1-score": 1.0,
        "support": 79.0
      },
      "Tech Support": {
        "precision": 1.0,
        "recall": 1.0,
        "f1-score": 1.0,
        "support": 63.0
      },
      "accuracy": 1.0,
      "macro avg": {
        "precision": 1.0,
        "recall": 1.0,
        "f1-score": 1.0,
        "support": 200.0
      },
      "weighted avg": {
        "precision": 1.0,
        "recall": 1.0,
        "f1-score": 1.0,
        "support": 200.0
      }
    },
    "confusion_matrix": [
      [
        58,
        0,
        0
      ],
      [
        0,
        79,
        0
      ],
      [
        0,
        0,
        63
      ]
    ]
  }
}